mobility_type,category,t4_1pct_5days,t4_1pct_7days,t4_1pct_14days,t4_5pct_5days,t4_5pct_7days,t4_5pct_14days
grocery_and_pharmacy_percent_change_from_baseline,100.0,32.69230769230769,23.076923076923077,9.615384615384617,63.46153846153846,61.53846153846154,53.84615384615385
parks_percent_change_from_baseline,100.0,73.07692307692307,59.61538461538461,42.30769230769231,98.07692307692307,94.23076923076923,90.38461538461539
residential_percent_change_from_baseline,100.0,94.23076923076923,78.84615384615384,32.69230769230769,100.0,100.0,100.0
retail_and_recreation_percent_change_from_baseline,100.0,50.0,36.53846153846153,17.307692307692307,98.07692307692307,98.07692307692307,92.3076923076923
transit_stations_percent_change_from_baseline,100.0,67.3076923076923,57.692307692307686,36.53846153846153,98.07692307692307,98.07692307692307,92.3076923076923
workplaces_percent_change_from_baseline,100.0,98.07692307692307,98.07692307692307,94.23076923076923,100.0,100.0,100.0
